{"system": [5, 10], "index": 113, "den": 18, "spec": [17, 17, 16, 8, 8, 8, 4, 4, 4, 4], "closed_form": {"status": "EXACT", "weights": [4, 2, 2, 2, 4, 1, 1, 1, 1], "den": 18, "amplitudes": ["Mul(Rational(1, 3), Pow(Integer(2), Rational(1, 2)))", "Rational(1, 3)", "Mul(Rational(1, 3), exp(Mul(I, Add(acos(Mul(Integer(-1), Rational(9, 16), Pow(Integer(2), Rational(1, 2)))), pi))))", "Rational(1, 3)", "Mul(Rational(1, 3), Pow(Integer(2), Rational(1, 2)))", "Mul(Rational(1, 6), Pow(Integer(2), Rational(1, 2)))", "Mul(Rational(1, 6), Pow(Integer(2), Rational(1, 2)), exp(Mul(I, Add(acos(Mul(Rational(1, 6), Pow(Integer(3), Rational(1, 2)))), atan(Pow(Integer(47), Rational(1, 2)))))))", "Mul(Rational(1, 6), Pow(Integer(2), Rational(1, 2)))", "Mul(Rational(1, 6), Pow(Integer(2), Rational(1, 2)))"], "pretty": ["sqrt(2)/3", "1/3", "3*sqrt(2)/16 - sqrt(94)*I/48", "1/3", "sqrt(2)/3", "sqrt(2)/6", "sqrt(2)*exp(I*(acos(sqrt(3)/6) + atan(sqrt(47))))/6", "sqrt(2)/6", "sqrt(2)/6"]}, "support": [[[0, 1, 2, 3, 7], 0.4714045207910317, 2.8840194449139673], [[0, 1, 2, 4, 5], 0.3333333333333333, -1.526344624187495], [[0, 1, 2, 4, 9], 0.33333333333333326, 0.18929519960596533], [[0, 1, 2, 5, 8], 0.3333333333333333, -2.3666119105266694], [[0, 1, 2, 8, 9], 0.4714045207910317, 1.349828122251379e-16], [[0, 1, 3, 4, 6], 0.2357022603955158, -0.03905468346485888], [[0, 1, 3, 6, 8], 0.23570226039551584, 1.824584415058635], [[0, 2, 3, 6, 9], 0.23570226039551584, 0.7567910404025714], [[1, 2, 3, 5, 6], 0.23570226039551584, -1.777572242312597]]}