{"system": [3, 10], "index": 57, "den": 28, "spec": [19, 19, 10, 10, 6, 6, 6, 6, 1, 1], "closed_form": {"status": "EXACT", "weights": [10, 6, 1, 1, 1, 4, 1, 4], "den": 28, "amplitudes": ["Mul(Rational(1, 14), Pow(Integer(70), Rational(1, 2)))", "Mul(Rational(1, 14), Pow(Integer(42), Rational(1, 2)))", "Mul(Rational(1, 14), Pow(Integer(7), Rational(1, 2)))", "Mul(Rational(1, 14), Pow(Integer(7), Rational(1, 2)))", "Mul(Rational(1, 14), Pow(Integer(7), Rational(1, 2)), exp(Mul(I, acos(Rational(-1, 4)))))", "Mul(Rational(1, 7), Pow(Integer(7), Rational(1, 2)))", "Mul(Rational(1, 14), Pow(Integer(7), Rational(1, 2)))", "Mul(Rational(1, 7), Pow(Integer(7), Rational(1, 2)))"], "pretty": ["sqrt(70)/14", "sqrt(42)/14", "sqrt(7)/14", "sqrt(7)/14", "sqrt(7)*exp(I*acos(-1/4))/14", "sqrt(7)/7", "sqrt(7)/14", "sqrt(7)/7"]}, "support": [[[0, 1, 3], 0.5976143046671968, 0.0], [[0, 2, 5], 0.4629100498862757, 1.8577442887829025], [[0, 4, 8], 0.18898223650461357, 2.8721914642401], [[0, 6, 7], 0.1889822365046136, -0.0029432536406342144], [[0, 6, 9], 0.1889822365046136, 1.3151728180121842], [[1, 2, 6], 0.3779644730092272, 3.1187116910173334], [[1, 4, 7], 0.1889822365046136, 0.2629292458312716], [[1, 4, 9], 0.3779644730092272, -0.2424312644528855]]}